url_path,views_total,views_unique
/PhysiBoSS/PhysiBoSS,54,24
/PhysiBoSS/PhysiBoSS/tree/master/sample_projects_intracellular/boolean/tutorial,22,10
/PhysiBoSS/PhysiBoSS/tree/master,12,5
/PhysiBoSS/PhysiBoSS/tree/master/sample_projects_intracellular/boolean/spheroid_tnf_model/config,11,3
/PhysiBoSS/PhysiBoSS/tree/master/sample_projects,9,4
/PhysiBoSS/PhysiBoSS/tree/master/.github,7,2
/PhysiBoSS/PhysiBoSS/blob/master/sample_projects_intracellular/boolean/spheroid_tnf_model/config/TNF_nodes.bnd,5,3
/PhysiBoSS/PhysiBoSS/blob/master/sample_projects_intracellular/boolean/spheroid_tnf_model/config/init.tsv,5,2
/PhysiBoSS/PhysiBoSS/tree/master/examples,5,2
/PhysiBoSS/PhysiBoSS/blob/master/documentation-deprecated/PhysiBoSS_User_Guide.pdf,5,1
